,detected_date,img_src,href,product_title,price_value,seller_info
0,2022-10-02 14:39:50,,https://dj.1688.com/ci_bb?a=4612&e=COyWa7vpPqesNFuMv6jQsbv7BLwLiwiPc84eYZzoeP0tQvjzxP0HKPY7ZyKV3CO1P.gCcER2S55HslJgCmU2BJAImnL9CmZykhL68FfuVUHdkHWLbY44o62FBRLOLEuBJahkdOmcXj7ynHSkT9UCXhe7TOM3nAeux42vu4KdNDqLDtj606J5YOF.0euXtYsnusk5TJETwPH-KAzlijV2-PwX2zMRc8Sjp0wmXIyC8sVQiIkzaOINQNILzWYcJiLA5jE9esQSC5LoKy5QbJYucp2UewY80ob8.ig6QCm28kyUwcbs2AyDEqlanoBtWKdXTXDxsUw7kIyqoh9Y7beqYq7OrSi7LfTJGVOyKQhxiKsIxrSXN0zid0QvwRpqUZHie6c31ENglCxXADrayyUSxj1O3O7PE4NRv4Bhz2eoU4d4lT5SLWmJhAc0cKh9ZWEB9Vs.LJmoHYiKF.lHuN8C1Lv4AzEAUaSItx4dnbY2zkfHRoMG1RlDa2cxsuJJeE9v7AZniFLCG7YAPRji-C-e9BUI0uCpv6F1KY5ODQvHexzbnyZ5P7C.AzJNpNLx05ANcAO1wLsrNb-eD-rXbXO8OUUghNHZ2ZTjp8DdT6j3nNtD9bnvtJmedHJoCgiS0ZAo-qT2qNkthaPmke4V-1tZB1IhC6BYdN0NeDMOEOaUanYPbMynm8T-UBtWpR.EQx65C4qCEQxgy8N4buCXhFkRcOth.Mt2oE8iWM9XgnIAMReFD93VpJFF-PUH4s0jb-QFJqehyHIsT7SXJwAkg38SKImiItEqF4uGNFZWldCr-GctPCnVnJJbIMaDf-ZNuptT0d0KZ79vKkg-LCRPxM12wMHlqI9trFqcZP1bQc0dWSI7OfTliWuD-wFqoxKVD3KTqnSoaNab7idX2g7vXwhtHaBqeC6-3K.STWr.hguE8R93lirE1kd11wYA-hDyoONox03c4n8dQn0tVCx7X5rmKR5Kb8Mpa-SVmBqQ9LXLz8r6WCvalTf7NnCNBej7f3uahM2xEoOzzJyrPkfM22n-6L.P3UC-1DtT2MtXOIIYCvwB6W3-kW7u7GAnbXgEdux5TX1dm9bTk3pv.ReyAjUfgICAxHBAAkP4KUo.XSQl97o2U0LcwQ4d.nmcPOJ-BuwwpwOWiIfPtJbPPULDRu8sHd.EJsCZSfLamn0Q76xp3-poryF7p.Yqqp0rlxOvfhZabG9AXjqfIbQddbhYsxydJJO9CDbkXs1tQ8QOD6fbppoNxhXZJUz.whWzXP-xxOKEGzFn2KeXpSr9XSmL8UyTGYyP1qIuX0y-kHry3nwllK.gsZSJSyQdCB7gnRHihtQCjI.Woi5fTL6iCwuCIoX7onf3ZN5fzCuuD8y23HRAY2yrKbKfD.Nhp6Hi1pgi8BUUKiLiSp3cbfBEZJT9ocKSBtsW1hT8zDtSgI7r.uDf-QcymzuRXtk6bXIevpxvLXk7vUZ1jwHYvWL-KAzlijV2-OQhjttDgp7On9gnmFI.06DdWGHeRZym7TRhTOq6ReaEeZl43RFNBpSGt-6mNR04hw__&v=4&ap=1&rp=1&idx=1&sw_check_ab=283325,,65.00,广州潮汇皮具有限公司
1,2022-10-02 14:39:50,,https://dj.1688.com/ci_bb?a=4612&e=ANiVV-vU0aisNFuMv6jQsbv7BLwLiwiPc84eYZzoeP0tQvjzxP0HKPY7ZyKV3CO1P.gCcER2S54HfHrgtwWRIn7gviCPx9jhwzQCU-f3TfxB3tgcI7rD6a2FBRLOLEuBJahkdOmcXj7ynHSkT9UCXnEtGrov21.-3CmPVpkL4P86yE0pDxCX-PwYmtO9AjfCJfXBgwaC-3jV78mk4pn31KOwl46tbgC-T4F91BDT5WN9ctHiMDdCzT4m5cJT9m7BbTh8SHmaus3CwGajCD2dQwBtRofE-EX.6CsuUGyWLnKdlHsGPNKG.P4oOkAptvJMlMHG7NgMgxKpWp6AbVinV01w8bFMO5CMqqIfWO23qmKuzq0ouy30yRlTsikIcYirCMa0lzdM4ndEL8EaalGR4nunN9RDYJQsVwA62sslEsY9TtzuzxODUb-AYc9nqFOHeJU-Ui1piYRdsZ0pRQEFCRsk3xtJhv.muLGn8YaugCDKxpUcuzkmj7ceHZ22Ns5Hsw54ZgWGTSZ0umGqX1BTIuwGZ4hSwhu2AD0Y4vgvnvQVCNLgqb-hdSmOTg0Lx3sc258meT-wvwMyTaTS8dOQDXADtcC7KzW.ng.q121zvDlFIITR2dmU46fA3U-o95zbQ.W577SZnnRyaAoIktGQKPqk9qjZLYWj5pHuFftbWQdSIQugWHTdDXgzDhDmlGp2D2zMp5vE.lAbVqUfxEMeuQuKghEMYMvDeG7gl4RZEXDrYfzLdqBPIljPV4JyADEXhQ.d1aSRRfj1B-LNI2.kBSanochyLE-0lycAJIN.EiiJoiLRKheLhjRWVpXQq.hnLTwp1ZySWyDGg3.mTbqbU9HdCme.bypIPiwkT8TNdsDB5aiPbaxanGT9W0HNHVkiOzn05Ylrg.sBaqMSlQ9yk6p0qGjWm-4nV9oO718IbR2ganguvtyv0k1q.4YLhPEfd5YqxNZHddcGAPoQ8qDjaMdN3OJ.HUJ9LVQse1-a5ikeSm.DKWvklZgakPS1y8.K-lgr2pU3-zZwjQXo-397moTNsRKDs8ycqz5HzNtp.ui.z91AvtQ7U9jLVziCGAr8Aelt.pFu7uxgJ214BHbseU19XZvW05N6b.0XsgI1H4CAgMRwQAJD-ClKP10kJfe6NlNC3MEOHf55nDzifgbsMKcDloiHz7SWzz1Cw0bvLB3fxCbAmUny2pp9EO-sad.qaK8he6f2KqqdK5cTr34WWmxvQF46nyG0HXW4WLMcnSSTvQg25F7NbUPEDg-n26aaDcYV2SVM.8IVs1z.scTihBsxZ9inl6Uq.V0pi.FMkxmMj9aiLl9MvpB68t58JZSv4LGUiUskHQge4J0R4obUAoyP1qIuX0y-ogsLgiKF-6J392TeX8wrrg.Mttx0QGNsqymynw.zYaeh4taYIvAVFCoi4kqd3G3wRGSU.aHCkgbbFtYU.Mw7UoCO6.7g3.kHMps7kV7ZOm1yHr6cby15O71GdY8B2L1izUA7c7XUtPiqoUCKRPHBUyoO6CXBiYrB3Vhh3kWcpu00YUzqukXmhHmZeN0RTQaUhrfupjUdOIc_&v=4&ap=2&rp=2&idx=2&sw_check_ab=283325,百搭帆布上课通勤女包托特包包女夏季2022新款大容量手提单肩大包,26.00,广州潮汇皮具有限公司
2,2022-10-02 14:39:50,,https://dj.1688.com/ci_bb?a=4612&e=2a5Sfe71yKKsNFuMv6jQsbv7BLwLiwiPc84eYZzoeP0tQvjzxP0HKPY7ZyKV3CO1P.gCcER2S54AHtbJu20CHaDGqmajG5rT57Q2jXfEeYythQUSzixLgSWoZHTpnF4-8px0pE.VAl7obNx9wmTshKFQMA8e7EoLaiqjo7y2QtwttjSa75GQpj-H328LEX6AzBli.SUpxW8tv.rfxzDEkEf5P3eXosShgkKe23nh1SMtwrVZ4JKxpa9.3ApREu1Pw0AydoPTDOfrRpWrtQYCO3Y7NBNcO8uz1lXPC.gt8ggRUI-FBg8UFiC3Cv9YeizPYLo8uoSVR-iZuVdgYAhhWvVGaabvdxDSlKoJNKwDm8UdZA5sWod8M.1hC6u5C62sdel1eWkj3.o.sFWJSNkrc3s16JevaNo1ItSOgU.fWcYazpeU4MTLmNqWu7U4ivpTp07dAFopj1fsW3LVRgc4DHDcikJBR7-TFAZ6AvcgpuMIda4igtAZpIzmwJdTDd075YzRcHWK2EZwzyVmU0UWz3d447kXTi8sOZkGOViMweg7h1yKMIyVIL2NH8MjQT0ojNvNMcxc3mWWWnJpRjNiSVfbdUfjB024ZUVZMYy8o8U1cSPPo0ZkBUvUIZnz0N3mLEFAtV3nJmSv6Gg2wElsmP7GocTTutu4kaD8n.YB-Ft2C6H5v1931WUbzJOs9uHFZnk8EQmIS5evmc56fTB7s1U.PCZIX5c4hWWpAeMHlGDePHc6oPTE8ydsGQXPHHnfq88dcfdGaCkxC1AiECM9Xepxl7JKF8xAS9wAYfeyJ7g3gpZFn6nGf9of2X66UuXNNzCyLw6P5KeAot7Yh2zbOeCOv0kumRsvCmzRMkALsFOsBuXp2HVCAmqtCWAkUk-2IOGwRswI2YwaJ4oKK.rqf.SB2UbYBs7nrYv.3fqtJbgMBjxTWy89l8.OK-n96rOvDfHVt8Shm3DS.gWJDIMiu-0bs5b8-udPrg4dPgowXOrTT7eHqE4kaFw-QkMh9m46x3odrN4E.abqOUtyu37gdVcrGbZvfC7aUgEgdeOtHPInNWF4XpfVS.sYRoTcxLh9ioY2tgItMdccW3-d0Psn3yj0nxBloanETDIYvU8H0nb.9gb2a9em6cV2ovT2xGCv4r2qzBZF5TB1y2uyxZDIEXlRkoB4.HA0Vcb84gI4JeAasOFPiZuCmDp.FWRppVroqC.muGaa7oOHcU.A0hy6XiV4QEagTwdU20sRTW0gwdsRT7hp0wuVQLGkYxu9HK5tsa6ec5qdK33S8sGk6zr9qTdEAsZX.1Xy5QB0cnbzlhXbOHVt3P8woa.a3Z4uhVjuOnqEnygIrxZaVVHwKYP36wPqJ-3yK6okdc-Z8NjHBiQvfu-O8mDgM.PcoG6eQg4ukEyXcR11npX-qyQwK1dEKBwLkirXvQTCF8XVIZAfn9WUtlgelGHmAw0P9a-mNtiNgpuJV2c3awg9ket60VDeX6A9u8AFyYYWZBgfuKLXvaKD2AcF.jRO2Owl.BJkdFqGL8vJigJw3V3bYXLJFYqq8uDG84iPSqGixB3F4l1Yl8I_&v=4&ap=3&rp=3&idx=3&sw_check_ab=283325,简约包包女2022春季新款潮链条手提小方包压痕时尚纯色单肩斜挎包,32.00,白沟新城盈禄箱包厂
3,2022-10-02 14:39:50,,https://dj.1688.com/ci_bb?a=4612&e=kDqJqfhnloSsNFuMv6jQsbv7BLwLiwiPc84eYZzoeP0tQvjzxP0HKPY7ZyKV3CO1P.gCcER2S55DJSxhaRGor7jSCsrPfA1v51Ad1cZ8S.J31WmL7kxPn62FBRLOLEuBJahkdOmcXj7ynHSkT9UCXmWp6o0oYQZSIyKJEzdnm5-dFd7ww2xMQL4j2GKwpajUkj.eBA-YAVR-iZlUwYBDQp74Nak42FV8pvC3jtoOgJ0-xZUwlGBezP2fQBF77dJMWepJFbJ613ARteHqO6.p2Kaae79rslS1B2FYkc9FTbBXFfsN.PMFJDjGpsebQ-Z.tXEX1qHLb2jI-CyL1mFRfBko3wDHlcKbS000-dMuaMd54CnJZysB3aHqxq5qKkiFYHcihv10m-ejV4nMkWSBnCafCRdHIzEGWzHqsE9J5c7LVmQ6hBDyjE886n9Dnkmbup02pVcgGCqEzhcNG5Nup5RY.phioTJpdjrUs0lKp6LOhOdPExT.4um1BVF5gevgYDmCLovH4tMPmSvRScrJ.jVDvf4alyuiEH5xB7NYD9yYcMQSNDig3IxCKE19.SSCF.ExOgTA05OCBLw-OV0XcVqkwXjzwSdrNS8ZQBstny4b-D3zArT.bxYrzVS3SjiejDqXB.J61fKDJV92tiU9afiH-VR7iSClfw0QmWmBqlupDKoELx3Wv0YyM2AMQ6msX3GfV.Y3BBaICx-eaJzsXiQ-u16PFsrMZT3Rpr0VPdebSbWz7fPT5edkeboxZHjuc3tkywT29LZLdFK98bGs2ruw1rIpxw0isUf4Gn27t6blWZuRqv0wvGxARgczQVMX6cy9dGMPAqc7CLTX0iW-yrO6OcAPiWBxsLJUBLmTXCgyB6lHdABXkbdxfDlENdqAes-ZVQwnXecJ55vCfJ31g32SHP4TQF4flnxlnDUT2hdfXwRce2AFO3mXv553XmXzzEBhB9bfX2PhY21BJlqEBc7HnrruUaB8S.-.VzF6gb05RDJBdii7qB9F2wvVY0kS8m4WpPANWr2L8N1.gmL1HXBA-Szf7U.uEGqEaWZBshiQCQU.u-bsH6zOMMhwZPlOSYps6qxrZnb5xqGz4MDGYMPIU6Yy3BVZ8dCM.WbRJjP8t8aQ.z2y9V.F0HzXJdRcFwx5cZP4t3KhsrvNyYZbi8ntEkcpIAd1.hS6xO1T-Vo2kubfrT-WfSnXSiNhWaUvvDpxQ81uLaAfUeDA.AX28AqNA-o4jannlYyldQVyRPzmjtC567uDfB7OBkDgjDBidsLJxeTTmeFlQj8W1veMiyPT55rzSB3zPsPZEXbMmcg4SROI0P8UfuubiAMY7Y05QclAGpOSj9pRZr1SmYJQHoLj.FNAzX1fDa2z-zNA9I8irVSYsJHRZeRmeE6HMZyqO9vUVoLDpiaEju-jNAA5zE2OucNyZJ4Lj6Obl-xomvUUhWSXbzX27eecRAUCJFbkfSFeQ9rxNO79kyqVs8ERKCn64AdN7Id8Kh7AVCy7hWio5-1d9RCCW5taNvqOdgu460e41Kq3-RHWYiw.Y0T9xB-xGlWmcwBh&v=4&ap=4&rp=4&idx=4&sw_check_ab=283325,女包新2021流行新款韩版百搭时尚单肩小方包宽带斜挎包,400.0,白沟新城盈禄箱包厂
4,2022-10-02 14:39:50,,https://dj.1688.com/ci_bb?a=4612&e=lRfK9iL6Hr6sNFuMv6jQsbv7BLwLiwiPc84eYZzoeP0tQvjzxP0HKPY7ZyKV3CO1P.gCcER2S54n.NdyeLuQVsyKnKyFd2a3v6fDF8f-3FRIbgwJETGJnK2FBRLOLEuBJahkdOmcXj7ynHSkT9UCXrNy2Cmr9zwzEN6lvCL4c9cdzrit8bJlO-F.0euXtYsnTGIxxVe27NwQ-soCASmSWeD1OJFhcW5WatyENLu00Ab594a6KyWMHT4m5cJT9m7B2ZHoWYXSxsj0e.4xnHTWGOYxPXrEEguS0v2..xxb6mmdlHsGPNKG.P4oOkAptvJMlMHG7NgMgxKpWp6AbVinV01w8bFMO5CMqqIfWO23qmKuzq0ouy30yRlTsikIcYirCMa0lzdM4ndEL8EaalGR4nunN9RDYJQsVwA62sslEsY9TtzuzxODUb-AYc9nqFOHeJU-Ui1piYSqBgNfQ.CrYKo13XvDVG09WgWfQhS-NFwlUvHqMGxVcbceHZ22Ns5HhPJ5L3EvlIZFjblHKW0eyOwGZ4hSwhu2AD0Y4vgvnvQVCNLgqb-hdSmOTg0Lx3sc258meT-wvwMyTaTS8dOQDXADtcC7KzW.ng.q121zvDlFIITR2dmU46fA3U-o95zbQ.W577SZnnRyaAoIktGQKPqk9qjZLYWj5pHuFftbWQdSIQugWHTdDXgzDhDmlGp2D2zMp5vE.lAbVqUfxEMeuQuKghEMYMvDeG7gl4RZEXDrYfzLdqBPIljPV4JyADEXhQ.d1aSRRfj1B-LNI2.kBSanochyLE-0lycAJIN.EiiJoiLRKheLhjRWVpXQq.hnLTwp1ZySWyDGg3.mTbqbU9HdCme.bypIPiwkT8TNdsDB5aiPbaxanGT9W0HNHVkiOzn05Ylrg.sBaqMSlQ9yk6p0qGjWm-4nV9oO718IbR2ganguvtyv0k1q.4YLhPEfd5YqxNZHddcGAPoQ8qDjaMdN3OJ.HUJ9LVQse1-a5ikeSm.DKWvklZgakPS1y8.K-lgr2pU3-zZwjQXo-397moTNsRKDs8ycqz5HzNtp.ui.z91AvtQ7U9jLVziCGAr8Aelt.pFu7uxgJ214BHbseU19XZvW05N6b.0XsgI1H4CAgMRwQAJD-ClKP10kJfe6NlNC3MEOHf55nDzifgbsMKcDloiHz7SWzz1Cw0bvLB3fxCbAmUny2pp9EO-sad.qaK8he6f2KqqdK5cTr34WWmxvQF46nyG0HXW4WLMcnSSTvQg25F7NbUPEDg-n26aaDcYV2SVM.8IVs1z.scTihBsxZ9inl6Uq.V0pi.FMkxmMj9aiLl9MvpB68t58JZSv4LGUiUskHQge4J0R4obUAoyP1qIuX0y-ogsLgiKF-6J392TeX8wrrg.Mttx0QGNsqymynw.zYaeh4taYIvAVFCoi4kqd3G3wRGSU.aHCkgbbFtYU.Mw7UoCO6.7g3.kHMps7kV7ZOm1yHr6cby15O71GdY8B2L1i1LUgFoWLf0e2seczdWLctJ.YJ5hSP9Og3Vhh3kWcpu00YUzqukXmhHmZeN0RTQaUhrfupjUdOIc_&v=4&ap=5&rp=5&idx=5&sw_check_ab=283325,2022枕头老花女包onthego巴比龙斜挎流浪包22bag法棍包carryall,580.0,宁阳县华丰艾尚箱包批发店
5,2022-10-02 14:39:50,,https://dj.1688.com/ci_bb?a=4612&e=jc3YYEuONiesNFuMv6jQsbv7BLwLiwiPc84eYZzoeP0tQvjzxP0HKPY7ZyKV3CO1P.gCcER2S57XmJeoDVjmG93S9k26Sbk2EkGKq7VlcOY-ng6oFEnqgK2FBRLOLEuBJahkdOmcXj7ynHSkT9UCXkbUPZFIPWCiFvD.BOvo-o7hOSKfPpnUgqQt5CFEk-uxBLZsIHprzdbf-0sPYzmT-oiUGEo52X9WK4VTtpk4sYjvQozB8cm.QWSYfw.xULYrY4rwC-IIYHE.0JLf-xzkzyY3Wp18WLDS-.zg.84Xf-7i-GAYmsaYyh3a2BMRhV1od6AaV-oBgCeAunjk578lsUx3lku35-6uXxDqDKMnjyw5VNkz9wqERA2g68np4-7M2IxXqiMHOuj9zXBjqikmvz3J834EF.1G12Q.5JN628HwVzHx24EneNVJjeOtA1XMgLfalwts8RJKhwEGdwVRO1Jr0JEoUq-AlkNEsRLVHpvv2BPJeG2dvwrTOqEU5c4R-WKEkcZ5rV9R5f.y6VEd-MzvRv2CO8bL--fUlGQXu8wfnfgjy0vDcudIVsSbTgXd-S7wLhnbRUdaEZHBOLgfKSKQKKMAABi4RXeycTA4eWvd66AFCYOlNxNB41qJpCpkjEV1a.-kNhlKiaynk4B0Mpq6HG5wMfm00gYLUGLmIi4qNWOT4LfQCaBZfkDUhCQKbTNqCTwIJkWZN3P311E1eptBgbE-mzCkjoPT8dDUHysCwCfqbQ2Kw5n2CKdGGG0gR6fFMqGFvx0D2AICo-sZiFBU3fdrRrkg.Gc0MvCH3-tTPbq9u57GnsEk2mYR5QN2RlrkNCIwt4b2S9jH-B-ORE7aSNzu8fEEVVcwLiEvU9ZjgNN7Lu.eGt0AxfmBRYFWG7gNrA1e.emPFQcuG4SLCFyuPUNj4YM3EK-qonFhxJG8DdnX8sNvZkncoDAQ1bnYTHYblWPehEP84Nyq13fcJoBB5AFX3s4HvVoaIGyW.N.-Jc0JE8pYzG2yYqfhWyGeJ.Y7c9A9aNxYkoL.Kf3Zq4.GWZCCFJl7HGVqwD5Gt6ExjzKiLAtlyjHdfpb5cuWC66CPCLmeJv8B8HuCPS4yVMXFYfaErygksxfdqf80lx5Xf6YyFJxa4Fap2ogICP5mV3VspbIW8.BhU-fVH1VpgbrFPcFZ71kZrGBjBtPmQs3atZTEVZ7u5h1.DI.hcqwCxnDtt05Vos21PWibeqlwsa-5S9bjOkqbmk4qR2JzBQ.c5VTKzhMpn0x5kwnFw9BcKXKzf9BQpayC7ZLoxNgiSI8pWLUtVQHSru8Y-h.baYmO4.XI8iYPnGV0O73LMb.FnJn7DvbF5JseJRH-XLuXFklSe3.-G-cm2BCqaIb4Za6TZuVF3KtlMUEdh0fbkRRIE.guORY4wQRXI6HFKb3XvadJYr2onn0x6r6Klega7iz-0QZLkRrIkLq8OPnlDldrGCSvY7Rw4JYlCXPZk57W9dZfhgxvJMqC6OCH57BcPPa5tFh3sskBw7nm7AA3.zGd0BKGXEzwvtmLGVgpQDdRSQ__&v=4&ap=6&rp=6&idx=6&sw_check_ab=283325,2022老花女包购物袋法棍包水桶包枕头包薯条包1955马鞍包麻将包,16.80,宁阳县华丰艾尚箱包批发店
6,2022-10-02 14:39:50,,https://dj.1688.com/ci_bb?a=4612&e=vO8BzEDzv3-sNFuMv6jQsbv7BLwLiwiPc84eYZzoeP0tQvjzxP0HKPY7ZyKV3CO1P.gCcER2S56NelzelHoTiLgc7sjSmJ9gcCIDq0AXCumrloXCqwR2SjnVIAzeIr5dDIbQG8M93.GK3LWYHc8PNlj01WJHqKDCHUL.Rlcf8GQtss1zl-HCq7NPMy7p0skh8C7VcO3bcxCe6YKBb-RM5Kk3G5uzIKVbo2OCjwXK0i9gFzNhKeSGHCHCP0VR1aJo11Rmvj3VqU9Wz1a8gSJ33iQv2y6ohNK3EtJR7.Diy1i.Othqky.2gCjH77oWkHIXplOjIk2pN8d3Eq8eQNbA1zKstBYTxXP2MECx0IXo3PZk8yinB6d1spSRxBemewlkIPt6nNDqSFTmx.fyYzX7XISVr8dSwaf.LqghHChlpvbYNRoh6056A8VRXBykJBf9iVjTXlm2UqXH0dfiCW9daAZQZZ45NqImAOrGyc.81.lY9NViR6igwgIkObsxrWxu-xU18KMSgvX0x66zFtXCmuA3X6IjKevleV.g0wQdurpro18baRW-eB-yzZftFz7t8s-qzg2FJGqGaJlCQWJYFjlmPvBkl6r9nR7eIgIBmdkQvSTnJHlqEQm97lfIWQV8M1Ji5buTnTVUV.O68zGHEo0pGR2zGDuQWtTWJ9k2vwvPNGapGqC9xaH6DIpiUvwiPBs0qJai1UWUyg7L4vqf.tuDFZ2aUJLgKfdIgJF8UQqDr4DI.gUyfTQgMKQQjmqeDrQ9.H-xH7LgJSmJxf.vrAwMnz9wx1LYKkXCQ.D22TR7BzMTiINpmSEzz--kHy-myCmZ-mj2PPlDZN1fyTkxR1EKcbPLmUgE9SzoL0LDQ.QbS1SejXez0Zwu7wiKYLBDdi5BwzQOLRmJZrP1smDIa8mHmQyP-bu6qZfZZASUX6b1DeA3Q7Pe12wRyLZBkTwaproZwe6Va6S.8Kj32Wyp6RYfY7CXnakbdnp8trJ3yoX37YLxPhLMtq42ChKmNvp8kct3IhdYyRU01R9U86SuO3RqHuBqPdyg5YC8QvPv9Bz0ourif1eAnkpDXGiIMaEe2G-NP28O5Dj0HWP48w8Nbi6F7EcWPffui-dzpHs0LruVG5rS3ItrfiQ-fYXwu42PsrJ77GbaE9tdO.Bw.NvYZFdthlLBV-2VulrCs9C6G2YRy3TYCdwTVZ2EpIWUX0slv0otGxvh9CXhrKbHJko7f4-pTodreT26dJiH4jV.yPmNdeiwNSNndJT8yWnxbYbbsfYW0Bg9Frs1FCxRZhFTdGRGwbyQQkU6vzpa50PTy3L5lkFW8FkG4U-BeBtatnd-ZKhK6HdudI-L6kbtTsgCII01jxR-MzvRk80USXFtgeYsQt8HByuD5kNixRCRsq6xsrJ77GbaE9vcolsQLDUy.4Pof5kxN7vUi1ZP0epAVBGhbcY1SlghstqSRBG34ZZ4M7KDLpll-974jn-vGmewbVfZ40vWXVbUq-3Ldb0L7-u7u0Nwe6k7unJQsflFT4kKAcnnS9TO074_&v=4&ap=7&rp=7&idx=7&sw_check_ab=283325,LENGRUI女包韩版大容量百搭单肩斜挎包时尚手机包长款拉链钱包,148.0,广州流体贸易有限公司
7,2022-10-02 14:39:50,,https://dj.1688.com/ci_bb?a=4612&e=a6uFNayS89SsNFuMv6jQsbv7BLwLiwiPc84eYZzoeP0tQvjzxP0HKPY7ZyKV3CO1P.gCcER2S54iXjlImyS4SnCDQp3l0LuvteRrtqhSuJlaGRAuT3FcCa2FBRLOLEuBJahkdOmcXj7ynHSkT9UCXl0A5oPZmIEdmglc55OolMPhOSKfPpnUgqQt5CFEk-uxBLZsIHprzdZorWKaB4uRW84n0c6P7jTm0NWaNZW.ZhsJcq2taNL8dMMzTakDdJ.kY4rwC-IIYHE.0JLf-xzkzyY3Wp18WLDS-.zg.84Xf-7i-GAYmsaYyh3a2BMRhV1od6AaV-oBgCeAunjk578lsUx3lku35-6uXxDqDKMnjyw5VNkz9wqERA2g68np4-7M2IxXqiMHOuj9zXBjqikmvz3J834EF.1G12Q.5JN628HSB0BkQFjbFP8EBKg5iTVpgLfalwts8RKAUONJ9tQpFFJr0JEoUq-AlkNEsRLVHpt2RmBPz0YVIp6vqFWUxb6Z-WKEkcZ5rV9R5f.y6VEd-MzvRv2CO8bL--fUlGQXu8wfnfgjy0vDcudIVsSbTgXd-S7wLhnbRUdaEZHBOLgfKSKQKKMAABi4RXeycTA4eWvd66AFCYOlNxNB41qJpCpkjEV1a.-kNhlKiaynk4B0Mpq6HG5wMfm00gYLUGLmIi4qNWOT4LfQCaBZfkDUhCQKbTNqCTwIJkWZN3P311E1eptBgbE-mzCkjoPT8dDUHysCwCfqbQ2Kw5n2CKdGGG0gR6fFMqGFvx0D2AICo-sZiFBU3fdrRrkg.Gc0MvCH3-tTPbq9u57GnsEk2mYR5QN2RlrkNCIwt4b2S9jH-B-ORE7aSNzu8fEEVVcwLiEvU9ZjgNN7Lu.eGt0AxfmBRYFWG7gNrA1e.emPFQcuG4SLCFyuPUNj4YM3EK-qonFhxJG8DdnX8sNvZkncoDAQ1bnYTHYblWPehEP84Nyq13fcJoBB5AFX3s4HvVoaIGyW.N.-Jc0JE8pYzG2yYqfhWyGeJ.Y7c9A9aNxYkoL.Kf3Zq4.GWZCCFJl7HGVqwD5Gt6ExjzKiLAtlyjHdfpb5cuWC66CPCLmeJv8B8HuCPS4yVMXFYfaErygksxfdqf80lx5Xf6YyFJxa4Fap2ogICP5mV3VspbIW8.BhU-fVH1VpgbrFPcFZ71kZrGBjBtPmQs3atZTEVZ7u5h1.DI.hcqwCxnDtt05Vos21PWibeqlwsa-5S9bjOkqbmk4qR2JzBQ.c5VTKzhMpn0x5kwnFw9BcKXKzf9BQpayC7ZLoxNgiSI8pWLUtVQHSru8Y-h.baYmO4.XI8iYPnGV0O73LMb.FnJn7DvbF5JseJRH-XLuXFklSe3.-G-cm2BCqaIb4Za6TZuVF3KtlMUEdh0fbkRRIE.guORY4wQRXI6HFKb3XvadJYr2onn0x6r6Klega7izxB4Fd59w8qLq8OPnlDldrF10Uaz.DXn-imj6mPkaTz2JRtoUo.eOr6OCH57BcPPa5tFh3sskBw7nm7AA3.zGd0BKGXEzwvtmLGVgpQDdRSQ__&v=4&ap=8&rp=8&idx=8&sw_check_ab=283325,牛皮女包2020新款时尚马蹄扣单肩斜跨半圆包复古牛皮宽肩带马鞍包,23.00,广州流体贸易有限公司
8,2022-10-02 14:39:50,,https://dj.1688.com/ci_bb?a=4612&e=PsI1VvahGE-sNFuMv6jQsbv7BLwLiwiPc84eYZzoeP0tQvjzxP0HKPY7ZyKV3CO1P.gCcER2S548ObS8B2mKRTIrSAZV5ma-jPoqPJN2ZoKMhyS9JTeZMK2FBRLOLEuBJahkdOmcXj7ynHSkT9UCXuROA1o4rg8VWoVFgkQIaMDN5fNOn.QQ7hEg5HbEWSWomAEn9HoRzE3hCOYP3uLbyzs5UtPrVm6WB8sxPPyTCojZv77uyfHJlj4m5cJT9m7Bpcz6cXxkMb.0e.4xnHTWGOYxPXrEEguS6CsuUGyWLnKdlHsGPNKG.P4oOkAptvJMlMHG7NgMgxKpWp6AbVinV01w8bFMO5CMqqIfWO23qmKuzq0ouy30yRlTsikIcYirCMa0lzdM4ndEL8EaalGR4nunN9RDYJQsVwA62sslEsY9TtzuzxODUb-AYc9nqFOHeJU-Ui1piYRD-b8eVsm2f7rD12RJ1Ldr43ZO.cAciaPyAuJCxl4TfLceHZ22Ns5Hy6VouVeX2b4gyjwI7dACS-wGZ4hSwhu2AD0Y4vgvnvQVCNLgqb-hdSmOTg0Lx3sc258meT-wvwMyTaTS8dOQDXADtcC7KzW.ng.q121zvDlFIITR2dmU46fA3U-o95zbQ.W577SZnnRyaAoIktGQKPqk9qjZLYWj5pHuFftbWQdSIQugWHTdDXgzDhDmlGp2D2zMp5vE.lAbVqUfxEMeuQuKghEMYMvDeG7gl4RZEXDrYfzLdqBPIljPV4JyADEXhQ.d1aSRRfj1B-LNI2.kBSanochyLE-0lycAJIN.EiiJoiLRKheLhjRWVpXQq.hnLTwp1ZySWyDGg3.mTbqbU9HdCme.bypIPiwkT8TNdsDB5aiPbaxanGT9W0HNHVkiOzn05Ylrg.sBaqMSlQ9yk6p0qGjWm-4nV9oO718IbR2ganguvtyv0k1q.4YLhPEfd5YqxNZHddcGAPoQ8qDjaMdN3OJ.HUJ9LVQse1-a5ikeSm.DKWvklZgakPS1y8.K-lgr2pU3-zZwjQXo-397moTNsRKDs8ycqz5HzNtp.ui.z91AvtQ7U9jLVziCGAr8Aelt.pFu7uxgJ214BHbseU19XZvW05N6b.0XsgI1H4CAgMRwQAJD-ClKP10kJfe6NlNC3MEOHf55nDzifgbsMKcDloiHz7SWzz1Cw0bvLB3fxCbAmUny2pp9EO-sad.qaK8he6f2KqqdK5cTr34WWmxvQF46nyG0HXW4WLMcnSSTvQg25F7NbUPEDg-n26aaDcYV2SVM.8IVs1z.scTihBsxZ9inl6Uq.V0pi.FMkxmMj9aiLl9MvpB68t58JZSv4LGUiUskHQge4J0R4obUAoyP1qIuX0y-ogsLgiKF-6J392TeX8wrrg.Mttx0QGNsqymynw.zYaeh4taYIvAVFCoi4kqd3G3wRGSU.aHCkgbbFtYU.Mw7UoCO6.7g3.kHiLIdTDhEOs59IV5D2vE07v2TKpWzwREo-BXFIO6Uc9L5tjGjY82.HhCvjD5UIeMYm1o2-o52C7jrR7jUqrf5EdZiLD9jRP3EH7EaVaZzAGE_&v=4&ap=9&rp=9&idx=9&sw_check_ab=283325,皮尔路易2022年新款斜跨包韩系小众潮流洋气大容量腋下女包bags,82.00,广州词香贸易有限公司
9,2022-10-02 14:39:50,,https://detail.1688.com/offer/667371526158.html,单肩迷你老花半圆马鞍包 复古女包斜挎小圆包 字母CC图案流浪包包,27.50,广州词香贸易有限公司
10,2022-10-02 14:39:50,,https://detail.1688.com/offer/683162818381.html,适用于FKR水桶包内胆收纳整理内衬内袋撑形包中包韩国,49.80,新兴县新城镇棱锐皮具厂
11,2022-10-02 14:39:50,,https://detail.1688.com/offer/685047074205.html,适用Find Kapoor水桶包内胆尼龙FKR内衬收纳包撑形包中包内袋中袋,48.41,新兴县新城镇棱锐皮具厂
12,2022-10-02 14:39:50,,https://detail.1688.com/offer/658519857507.html,适用于韩国Find Kapoor网红水桶包内胆包内衬包内袋包撑包中包,55.77,广州佐廊贸易有限公司
13,2022-10-02 14:39:50,,https://detail.1688.com/offer/679965351792.html,适用于FIND KAPOOR水桶包小号带拉链内胆包 尼龙收纳包整理包中包,27.50,广州佐廊贸易有限公司
14,2022-10-02 14:39:50,,https://detail.1688.com/offer/676571175341.html,适用韩国Find Kapoor水桶包内胆包 FK内衬包整理收纳包撑型包中包,55.00,广州市吉泰皮具有限公司
15,2022-10-02 14:39:50,https://cbu01.alicdn.com/img/ibank/2019/568/593/12418395865_411718826.220x220.jpg,https://detail.1688.com/offer/676700782379.html,适用Find Kapoor水桶包内胆尼龙FKR内衬收纳包撑形包中包内袋中袋,,广州市吉泰皮具有限公司
16,2022-10-02 14:39:51,https://cbu01.alicdn.com/img/ibank/O1CN01wAouyY1N5kO5fdY56_!!2214292311519-0-cib.220x220.jpg,https://detail.1688.com/offer/618346639416.html,UV光固膜适用于OPPOFind X5pro/find X3/find X3pro曲面固化贴膜,¥,广州奥比亚皮具实业有限责任公司
17,2022-10-02 14:39:51,https://cbu01.alicdn.com/img/ibank/O1CN01AhHvFL1wHfFQkbb7A_!!2213278846283-0-cib.220x220.jpg,https://detail.1688.com/offer/640322807980.html,适用UV曲面全屏oppo Reno6Pro 5钢化膜4手机X3贴膜Find Realme GT,190.0,广州奥比亚皮具实业有限责任公司
18,2022-10-02 14:39:51,https://cbu01.alicdn.com/img/ibank/O1CN01fbmUNO25AdgWzJsm9_!!2209510977486-0-cib.220x220.jpg,https://detail.1688.com/offer/676079541217.html,适用OPPO水凝膜r17r151k3全覆盖a5a8Find X3/Reno43手机膜a7x软膜,¥,义乌乐妃雅皮具有限公司
19,2022-10-02 14:39:51,https://cbu01.alicdn.com/img/ibank/O1CN01bPobyj20Nr4Z5ep8F_!!2206830906838-0-cib.220x220.jpg,https://detail.1688.com/offer/675055354180.html,曲面屏适用OPPO Find X5手机贴膜真我X7Pro一加10Pro全胶水凝保护,700.0,义乌乐妃雅皮具有限公司
20,2022-10-02 14:39:51,https://cbu01.alicdn.com/img/ibank/O1CN016Z4x6C1gfuLpEOnro_!!2212904074170-0-cib.220x220.jpg,https://detail.1688.com/offer/615929783250.html,适用vivoxfold手机膜VIVO X FOLD光固膜OPPO Find N保护膜findn膜,¥,广州致简皮具有限公司
21,2022-10-02 14:39:51,https://cbu01.alicdn.com/img/ibank/O1CN01jRIApx1aK1kjeqJHq_!!2212454613310-0-cib.220x220.jpg,https://detail.1688.com/offer/653935785714.html,适用oppo findx2手机保护贴膜x2pro后膜木纹磨砂背膜镜头彩膜贴纸,520.0,广州致简皮具有限公司
22,2022-10-02 14:39:51,https://cbu01.alicdn.com/img/ibank/O1CN01SoZxtL1GTpv13tT7V_!!2212434630624-0-cib.220x220.jpg,https://detail.1688.com/offer/583358619741.html,适用小米 12Pro手机X80防窥Find X3曲面UV全胶IQOO10Pro钢化膜X5,¥,佛山市临费商贸有限公司
23,2022-10-02 14:39:51,https://cbu01.alicdn.com/img/ibank/O1CN01KgGxJy1u6YPlc5L64_!!2212463865988-0-cib.220x220.jpg,https://detail.1688.com/offer/664494325400.html,适用OPPO Find X5水凝膜Reno6Pro Find X3 Reno8 Pro全屏水凝膜,7.90,佛山市临费商贸有限公司
24,2022-10-02 14:39:51,,https://detail.1688.com/offer/676802132942.html,适用OPPOFindN折叠屏定位贴水凝膜防摔全屏高清磨砂TPU手机软膜,¥,高新区枫桥振维服装商行
25,2022-10-02 14:39:51,,https://detail.1688.com/offer/644512287048.html,适用OPPO Find X全胶曲面钢化膜Reno 6pro高清玻璃膜FindX3手机膜,49.00,高新区枫桥振维服装商行
26,2022-10-02 14:39:51,,https://detail.1688.com/offer/589095454690.html,适用OPPO Reno6 5 1+8 9 Find X5 X3 Pro 全屏曲面UV钢化玻璃贴膜,¥,滕州市跃均五金建材销售厂
27,2022-10-02 14:39:51,,https://detail.1688.com/offer/45577182072.html,Reno8pro水凝膜 适用oppo Reno7pro金刚隐形膜Findx5pro Find3pro,45.00,滕州市跃均五金建材销售厂
28,2022-10-02 14:39:51,,https://detail.1688.com/offer/626490514764.html,UV钢化膜适用oppo Find X X2 X3 X5 Pro曲面全屏手机保护膜批发,¥,义乌市姿氨电子商务商行
29,2022-10-02 14:39:51,,https://detail.1688.com/offer/652064150563.html,适用OPPO Reno5PRO GT大师探索版曲面钢化膜1+10 FIND X5pro UV贴,245.0,义乌市姿氨电子商务商行
30,2022-10-02 14:39:51,,https://detail.1688.com/offer/587630374947.html,适用OPPOreno6蝴蝶膜一体全包360水凝膜4/5pro保护膜find x3全屏+,¥,广州市白云区三元里昇昇皮具商行
31,2022-10-02 14:39:51,,https://detail.1688.com/offer/657888232207.html,适用于oppo find x3钢化膜uv全胶 Find X2曲面 reno4pro防蓝光膜,28.00,广州词香贸易有限公司
32,2022-10-02 14:39:51,,https://detail.1688.com/offer/671743946002.html,适用oppofindX2 x3pro手机水凝膜全屏覆盖全包无白边曲面保护膜,¥,广州涵霆日用品有限公司
33,2022-10-02 14:39:51,,https://detail.1688.com/offer/665231305919.html,丝印高清钢化膜适用OPPO Reno Z ACE 2 3 4 5 6 7Find X2 3保护膜,50.00,广州事成皮具有限公司
34,2022-10-02 14:39:51,,https://detail.1688.com/offer/654157896502.html,华为P50 Pocket软膜OPPO Find N折叠手机膜金刚TPU水凝膜批发适用,3.90,广州小米粒皮具有限公司
35,2022-10-02 14:39:51,,https://detail.1688.com/offer/619533522354.html,适用oppo Find X5/X5pro神器版高清水凝膜 X3/pro/X3Lite自修复膜,1.35,白沟新城音诺箱包厂
36,2022-10-02 14:39:51,,https://detail.1688.com/offer/624749270595.html,医用外科口罩一次性医用口罩无菌三层防疫口罩含熔喷布10只十片装,2.90,深圳市龙岗区托特行皮具商行
37,2022-10-02 14:39:51,,https://detail.1688.com/offer/596939723819.html,医用外科口罩一次性三层防护独立包装一只装现货批发医用口罩厂家,3.88,白沟新城盈禄箱包厂
38,2022-10-02 14:39:51,,https://detail.1688.com/offer/617722990540.html,适用苹果airpods3保护套四代透明套airpods1/2素材现货pro2耳机套,0.10,广州市花都区狮岭惠和皮具厂
39,2022-10-02 14:39:51,,https://detail.1688.com/offer/44447937188.html,瑜伽拉力带运动伸展带拉伸带tpe拉力片健身阻力带弹力带瑜伽带,3.50,东莞市恒亮精密科技有限公司
40,2022-10-02 14:39:51,,https://detail.1688.com/offer/588714280142.html,厂家现货批发哈沃牌M型瓦楞纸猫抓板 趣味猫抓板瓦楞磨爪猫用品,,东莞市恒亮精密科技有限公司
41,2022-10-02 14:39:52,,https://detail.1688.com/offer/587833075001.html,户外铝合金双眼风绳扣天幕帐篷拉绳止动调节片伞绳固定滑动扣配件,,深圳市科代尔科技有限公司
42,2022-10-02 14:39:52,,https://detail.1688.com/offer/597644539142.html,户外更衣帐篷洗澡帐篷露营淋浴帐篷简易洗澡罩移动厕所钓鱼摄影帐,,深圳市科代尔科技有限公司
43,2022-10-02 14:39:52,,https://detail.1688.com/offer/579577307889.html,新升级户外帐篷夹天幕帐篷遮阳棚防风固定扣塑料夹扣风绳扣鲨鱼夹,2.60,东莞市锐米电子配件有限公司
44,2022-10-02 14:39:52,,https://detail.1688.com/offer/585746122589.html,户外帐篷天幕防风固定夹子野外风绳扣增设拉点挂扣塑胶夹安全扣,1.32,东莞市锐米电子配件有限公司
45,2022-10-02 14:39:52,,https://detail.1688.com/offer/631471968884.html,适用于airpods磁吸防丢绳 苹果蓝牙无线耳机磁铁挂绳工厂现货批发,0.30,深圳市智维科技有限公司
46,2022-10-02 14:39:52,,https://detail.1688.com/offer/531936266779.html,户外甲板缝隙带弹簧固定鱼骨钉木板栈道帐篷固定钉锚形防风拉绳扣,5.00,深圳市智维科技有限公司
47,2022-10-02 14:39:52,,https://detail.1688.com/offer/528257314547.html,户外多功能方形天幕 防水防晒沙滩凉棚遮阳帐篷 轻薄涂银地席地布,1.80,深圳市福田区柚子科技商行
48,2022-10-02 14:39:52,,https://detail.1688.com/offer/582389748199.html,一件代发防雨防晒天幕 户外沙滩凉棚 牛津布加厚大尺寸遮阳棚带杆,3.00,深圳市福田区柚子科技商行
49,2022-10-02 14:39:52,,https://detail.1688.com/offer/582311396642.html,厂家直供充气船帐篷 橡皮艇折叠遮阳棚钓鱼帐篷挡雨防晒船棚,,深圳章海科技有限公司
50,2022-10-02 14:39:52,,https://detail.1688.com/offer/521379693172.html,户外遮阳棚三角天幕 3米防晒雨棚遮阳帆折叠遮阳天幕景观雨棚,,深圳章海科技有限公司
51,2022-10-02 14:39:52,,https://detail.1688.com/offer/531370399631.html,厂家现货爆款皮皮淘剑麻猫爬架 三柱三层方盘中型猫跳台猫玩具,,深圳市福田区逸飞欧数码商行
52,2022-10-02 14:39:52,,https://detail.1688.com/offer/552958971230.html,柯曼高强度加长加粗420不锈钢帐篷地钉沙滩雪地天幕防风固定营钉,6.50,深圳市福田区逸飞欧数码商行
53,2022-10-02 14:39:52,,https://detail.1688.com/offer/614814550260.html,户外用品双层双人四人帐篷全自动野营野外帐篷露营沙滩旅游帐篷,6.99,广州玛欧电子科技有限公司
54,2022-10-02 14:39:52,,https://detail.1688.com/offer/629450366642.html,SUV车边帐篷 户外天幕野餐帐篷 车载天幕车边帐车载遮阳篷 厂家,0.10,广州玛欧电子科技有限公司
55,2022-10-02 14:39:52,,https://detail.1688.com/offer/597363522225.html,适用于AirPods Pro2代保护套苹果3代耳机保护壳二合一防摔壳 case,3.20,广东独秀科技有限公司
56,2022-10-02 14:39:52,,https://detail.1688.com/offer/627347797484.html,户外折叠晒网四层收纳筐储物篮野营晒鱼晾晒网架挂篮干燥架子网框,1.45,广东独秀科技有限公司
57,2022-10-02 14:39:52,,https://detail.1688.com/offer/614325319703.html,关东煮的食材批发火锅丸子烧烤串串麻辣烫食材便利店商用餐饮食材,2.45,揭阳市榕城区亿达电子元件厂
58,2022-10-02 14:39:52,,https://detail.1688.com/offer/545352333718.html,跨境户外大型天幕杆32mm加粗支撑杆铝合金帐篷杆4节遮阳棚门杆架,2.50,揭阳市榕城区亿达电子元件厂
59,2022-10-02 14:39:52,,https://detail.1688.com/offer/614387706891.html,户外超轻三棱钉铝合金帐篷配件加强型 三棱V型地钉地丁18cm带绳,0.20,东莞市莞城明成手机配件店
60,2022-10-02 14:39:52,,https://detail.1688.com/offer/576202487734.html,适用airpods pro2保护套苹果二代电镀透明套airpods3耳机套新款,0.11,东莞市莞城明成手机配件店
61,2022-10-02 14:39:52,,https://detail.1688.com/offer/597286005279.html,带线开关排插家用办公宿舍旅行多孔电源插座插线板usb充电插排,0.27,深圳市罗湖区鑫浩达数码配件商行
62,2022-10-02 14:39:52,,https://detail.1688.com/offer/40219511743.html,野营户外 全自动速开沙滩露营帐篷防雨多人野营 四面帐篷厂家批发,1.16,深圳市罗湖区鑫浩达数码配件商行
63,2022-10-02 14:39:53,,https://detail.1688.com/offer/594539013819.html,户外天幕轻量帐篷挡风墙野营大遮阳篷露营野餐沙滩凉棚外贸出口,1.70,东莞市奥多金电子实业有限公司
64,2022-10-02 14:39:53,,https://detail.1688.com/offer/680960156325.html,新帐篷锤轻量铝合金手柄不锈钢锤户外登山野营帐篷地钉拔钉器榔头,4.89,东莞市奥多金电子实业有限公司
65,2022-10-02 14:39:53,,https://detail.1688.com/offer/645854936009.html,跨境飞盘175g运动户外极限健身比赛级专业成人竞技回旋飞碟软盘,0.35,深圳市金迅同科技有限公司
66,2022-10-02 14:39:53,,https://detail.1688.com/offer/624081320948.html,WiWU 超薄款智能耳机套保护壳防摔壳适用于AirPods Max苹果耳机,43.90,深圳市金迅同科技有限公司
67,2022-10-02 14:39:53,,https://detail.1688.com/offer/591735403552.html,世恒户外 全自动速开沙滩露营帐篷防雨多人野营 四面帐篷厂家批发,1.21,东莞市棵棵树数码电子有限公司
68,2022-10-02 14:39:53,,https://detail.1688.com/offer/552297391095.html,33cm月牙款狼牙形瑜伽柱按摩棒筋膜球套装空心泡沫轴普拉提瑜珈轴,0.55,东莞市棵棵树数码电子有限公司
69,2022-10-02 14:39:53,,https://detail.1688.com/offer/578795691851.html,批发户外用品单人露营三角蚊帐便携式防蚊虫旅游休闲帐篷,1.45,东莞熙康实业有限公司
70,2022-10-02 14:39:53,,https://detail.1688.com/offer/616593263800.html,户外露营防蚊防虫蚊帐 野营帐篷 便携式无杆旅游登山帐篷,1.50,东莞熙康实业有限公司
71,2022-10-02 14:39:53,,https://detail.1688.com/offer/588872504652.html,户外沙滩莱卡天幕 露营帐篷遮阳天幕防嗮乘凉棚钓鱼帐篷【厂家】,45.00,广州绿蓝新材料有限公司
72,2022-10-02 14:39:53,,https://detail.1688.com/offer/679855622118.html,户外迷彩多用格子布天幕防晒沙滩凉棚遮阳帐篷 厂家现货,69.00,广州绿蓝新材料有限公司
73,2022-10-02 14:39:53,,https://detail.1688.com/offer/668572828732.html,手机气囊支架可伸缩折叠印刷LOGO滴胶亚克力彩绘手机支架批发,43.00,慈溪市上林电子科技有限公司
74,2022-10-02 14:39:53,,https://detail.1688.com/offer/678992606195.html,创意DIY咕盘咕卡盘钥匙扣亚克力片手工自制周边爱豆钥匙扣挂件,23.00,慈溪市上林电子科技有限公司
75,2022-10-02 14:39:53,,https://detail.1688.com/offer/674101677123.html,飞盘175g运动户外极限健身专业成人竞技比赛级躲避盘软专用青少年,21.56,深圳市魔将电子科技有限公司
76,2022-10-02 14:39:53,,https://detail.1688.com/offer/683047408524.html,抖音渐变闪粉diy透明亚克力咕盘咕卡创意圆盘钥匙扣挂件装饰批发,11.00,深圳市魔将电子科技有限公司
77,2022-10-02 14:39:53,,https://detail.1688.com/offer/680658964168.html,适用2022新款Airpods pro2耳机硅胶保护套加厚苹果蓝牙耳机保护套,72.00,深圳市宏美科技有限公司
78,2022-10-02 14:39:53,,https://detail.1688.com/offer/683699613783.html,火漆印章章头全套批发复古封蜡印章封口印火漆章创意礼品火漆专用,25.00,深圳市宏美科技有限公司
79,2022-10-02 14:39:53,,https://detail.1688.com/offer/668793348869.html,DIY咕卡小圆盘 可爱梦幻闪粉亚克力挂件渐变钥匙扣咕卡周边批发,8.28,深圳市倍思特医疗器械有限公司
80,2022-10-02 14:39:53,,https://detail.1688.com/offer/678198803990.html,咕盘万物皆可咕~diy属于自己的钥匙扣咕卡透明亚克力追星挂件,49.00,深圳市倍思特医疗器械有限公司
81,2022-10-02 14:39:53,,https://detail.1688.com/offer/679432051695.html,适用airpods保护套苹果123代 pro2耳机套硅胶防摔苹果耳机套软壳,12.00,深圳宇东商贸有限公司
82,2022-10-02 14:39:53,,https://detail.1688.com/offer/634168493215.html,现货标准比赛飞盘PE极限飞盘运动户外竞技比赛飞盘175g礼品批发,49.00,深圳宇东商贸有限公司
83,2022-10-02 14:39:53,,https://detail.1688.com/offer/679108055174.html,适用于苹果4代airpods3耳机保护套Airpodspro2无线蓝牙耳机保护套,1.00,深圳市沃恩尔科技有限公司
84,2022-10-02 14:39:54,,https://detail.1688.com/offer/683010308867.html,专业极限飞盘175G运动户外成人竞技比赛沙滩飞碟28CM飞盘PP材质,8.00,深圳市沃恩尔科技有限公司
85,2022-10-02 14:39:54,,https://detail.1688.com/offer/683843233094.html,创意闪粉磁吸流沙咕卡砖可爱咕卡贴纸DIY麻将咕盘桌面摆件小礼物,7.80,义乌市欧若拉体育用品有限公司
86,2022-10-02 14:39:54,,https://detail.1688.com/offer/681490915252.html,亚克力磁吸卡砖可爱咕卡麻将咕盘亚克力证件照摆件爱豆照片小摆件,148.0,义乌市欧若拉体育用品有限公司
87,2022-10-02 14:39:54,,https://detail.1688.com/offer/678059553537.html,地摊鞋库存尾货杂款鞋断码批发处理运动鞋清仓地摊鞋货源库存处理,34.00,义乌市淘淘宠物用品有限公司
88,2022-10-02 14:39:54,,https://detail.1688.com/offer/671783171417.html,厂家批发直销 亚克力咕卡砖 磁吸小卡砖 咕卡麻将手工DIY爱豆照片,34.00,义乌市淘淘宠物用品有限公司
89,2022-10-02 14:39:54,,https://detail.1688.com/offer/677765232771.html,跨境 空白透明咕卡亚克力片有机玻璃毛坯钥匙扣透明片DIY圆片挂件,3.50,义乌市韩迈户外用品有限公司
90,2022-10-02 14:39:54,,https://detail.1688.com/offer/595467376880.html,摩托车电动头盔装饰配件 猫耳朵兔耳朵可爱创意diy装饰牛角畸角,60.00,义乌市韩迈户外用品有限公司
91,2022-10-02 14:39:54,,https://detail.1688.com/offer/606793237536.html,工厂现货适用苹果1 2代通用耳机套带扣液态硅胶防摔airpods保护套,138.0,义乌市康黛电子商务有限公司
92,2022-10-02 14:39:54,,https://detail.1688.com/offer/599743875008.html,适用于新款Airpods 3 Pro 2代3代硅胶套保护壳苹果蓝牙耳机硅胶套,16.00,义乌市康黛电子商务有限公司
93,2022-10-02 14:39:54,,https://detail.1688.com/offer/653872728695.html,帐篷增设拉点鲨鱼夹 户外野营天幕挂钩大号帐篷夹防风带倒钩夹子,24.00,义乌公台贸易有限公司
94,2022-10-02 14:39:54,,https://detail.1688.com/offer/679769419575.html,高质量气囊支架手机气囊高品质气囊支架好质量气囊支架印刷LOGO,66.00,义乌公台贸易有限公司
95,2022-10-02 14:39:54,,https://detail.1688.com/offer/683093720949.html,透明渐变闪粉咕卡盘亚克力咕卡贴咕卡套装圆盘手工diy女生手工,87.00,义乌市韩迈户外用品有限公司
96,2022-10-02 14:39:54,,https://detail.1688.com/offer/684361965393.html,工厂现货适用2022新款Airpods pro2硅胶套加厚苹果蓝牙耳机保护套,58.00,义乌市韩迈户外用品有限公司
97,2022-10-02 14:39:54,,https://detail.1688.com/offer/681889177151.html,适用2022新款Airpods pro2硅胶保护套超薄无扣苹果蓝牙耳机保护套,0.16,深圳市潘威夷电子科技有限公司
98,2022-10-02 14:39:54,,https://detail.1688.com/offer/683205223536.html,175g专业竞技飞盘户外运动成人比赛亲子儿童玩具可回旋专业飞盘,0.07,深圳市潘威夷电子科技有限公司
99,2022-10-02 14:39:54,,https://detail.1688.com/offer/683047148593.html,渐变闪粉diy咕盘批发透明爱心亚克力钥匙扣咕卡ins小圆盘圆片挂件,2.99,义乌市韩迈户外用品有限公司
100,2022-10-02 14:39:54,,https://detail.1688.com/offer/680499958412.html,适用2022新款苹果airpods pro2纯色加厚硅胶蓝牙耳机保护套,0.09,义乌市韩迈户外用品有限公司
101,2022-10-02 14:39:54,,https://detail.1688.com/offer/634211690341.html,蝴蝶搅拌针火漆印章工具金属搅拌棒溶蜡搅拌针火漆勺子源头厂家,2.30,缙云县石屹户外用品有限公司
102,2022-10-02 14:39:54,,https://detail.1688.com/offer/683983919055.html,适用于苹果耳机2代3代4代硅胶保护套蓝牙耳机保护套airpods保护套,0.88,缙云县石屹户外用品有限公司
103,2022-10-02 14:39:54,,https://detail.1688.com/offer/682171068966.html,适用2022新款Airpods pro2蓝牙耳机保护套苹果Pro第二代 硅胶加厚,0.78,义乌市全克户外用品有限公司
104,2022-10-02 14:39:55,,https://detail.1688.com/offer/682440526709.html,小红伞H6纸面手账本创意文具笔记本批发文创礼品学生文具手帐本,0.07,义乌市全克户外用品有限公司
105,2022-10-02 14:39:55,,https://detail.1688.com/offer/676676800259.html,运动户外175g飞盘成人健身专业竞技比赛极限运动训练可回旋夜光,1.10,义乌市全克户外用品有限公司
106,2022-10-02 14:39:55,,https://detail.1688.com/offer/681572428914.html,适用airpodspro3无线蓝牙耳机保护套卡通硅胶苹果2代创意可爱软壳,4.00,义乌市全克户外用品有限公司
107,2022-10-02 14:39:55,,https://detail.1688.com/offer/683814084888.html,渐变闪粉咕盘透明亚克力DIY钥匙扣咕卡小圆盘手工创意追星小挂件,0.30,义乌市全克户外用品有限公司
108,2022-10-02 14:39:55,,https://detail.1688.com/offer/682131927470.html,羊了个羊桌游卡牌棋牌纸牌扑克牌消消乐手牌羊了个羊卡片,1.50,义乌市全克户外用品有限公司
109,2022-10-02 14:39:55,,https://detail.1688.com/offer/681996500361.html,喜旺滋飞盘175克运动户外健身成人竞技比赛级躲避盘软27.5cm飞碟,4.00,义乌市淘淘宠物用品有限公司
110,2022-10-02 14:39:55,,https://detail.1688.com/offer/684935251494.html,按动笔型点胶笔批发手帐点点胶20秒速干笔帽胶水笔液体胶厂家直销,2.60,义乌市淘淘宠物用品有限公司
111,2022-10-02 14:39:55,,https://detail.1688.com/offer/649525916137.html,适用airpods pro2纯色硅胶耳机套苹果airpods pro第二代保护套,1.30,义乌市韩迈户外用品有限公司
112,2022-10-02 14:39:55,,https://detail.1688.com/offer/674781809513.html,户外野营铝合金伞绳扣帐篷拉绳配件S型风绳扣三眼开口绳扣小号,2.60,义乌市韩迈户外用品有限公司
113,2022-10-02 14:39:55,,https://detail.1688.com/offer/679558172896.html,纯色贝伦一条过尼龙帆布手表带编织网带1418 20 22mm厂家批发现货,0.10,义乌市玉麦户外用品有限公司
114,2022-10-02 14:39:55,,https://detail.1688.com/offer/649681512343.html,跨境供应PE飞碟11英寸28CM成人飞盘户外运动露营沙滩游戏飞盘,2.20,义乌市玉麦户外用品有限公司
115,2022-10-02 14:39:55,,https://detail.1688.com/offer/677983572992.html,户外反光绳风绳扣4m伞绳帐篷固定绳天幕夜光绳野营调节扣防风绳,1.60,义乌市杨星翔电子商务商行
116,2022-10-02 14:39:55,,https://detail.1688.com/offer/684769926258.html,现货pet防水手帐贴纸女孩可爱卡通diy图案素材贴纸礼盒套,1.00,义乌市杨星翔电子商务商行
117,2022-10-02 14:39:55,,https://detail.1688.com/offer/684265067009.html,羊了个羊卡牌抖音同款微信小游戏疫情抗疫居家创意版羊了个羊纸牌,1.21,深圳市高纹化模具有限公司
118,2022-10-02 14:39:55,,https://detail.1688.com/offer/683712494914.html,ins风流沙入油咕卡砖diy亚克力咕盘透明磁吸照片相框爱豆照片摆件,0.78,深圳市高纹化模具有限公司
119,2022-10-02 14:39:55,,https://detail.1688.com/offer/682777856718.html,A7可爱女生手账本卡通学生笔记本 创意日记本记事本少女心手账本,0.12,义乌公台贸易有限公司
120,2022-10-02 14:39:55,,https://detail.1688.com/offer/684953675267.html,175g专业成人竞技PU发泡软飞盘PE材质贴纸热转印UV激光喷涂夜光,2.20,义乌公台贸易有限公司
121,2022-10-02 14:39:55,,https://detail.1688.com/offer/550418228963.html,苹果airpods pro 2保护套纯色硅胶蓝牙耳机套适用苹果Pro2保护套,2.40,汕头市楠记贸易有限公司
122,2022-10-02 14:39:55,,https://detail.1688.com/offer/684021789248.html,户外帐篷天幕夹遮阳棚防风固定扣塑料配件加强风绳扣帐篷夹大号,1.00,汕头市楠记贸易有限公司
123,2022-10-02 14:39:56,,https://detail.1688.com/offer/671296875436.html,原创MOMO酱手账和纸贴纸可爱手帐素材装饰贴卡通DIY粘贴手帐贴画,0.85,义乌公台贸易有限公司
124,2022-10-02 14:39:56,,https://detail.1688.com/offer/684208164339.html,空白透明咕卡亚克力片有机玻璃毛坯钥匙扣透明片DIY圆形圆片挂件,3.00,义乌公台贸易有限公司
125,2022-10-02 14:39:56,,https://detail.1688.com/offer/631260213015.html,工厂现货适用新款Airpods pro2硅胶保护套苹果蓝牙无扣耳机保护套,0.68,义乌市韩迈户外用品有限公司
126,2022-10-02 14:39:56,,https://detail.1688.com/offer/683063192098.html,户外登山扣弹力绳松紧带帐篷挂绳8mm野营晾衣绳行李捆绑绳打包带,0.25,义乌市韩迈户外用品有限公司
127,2022-10-02 14:39:56,,https://detail.1688.com/offer/683195427036.html,新款适用airpods pro2 代保护套硅胶加厚苹果无线蓝牙耳机壳防摔,1.80,深圳市高纹化模具有限公司
128,2022-10-02 14:39:56,,https://detail.1688.com/offer/681089648141.html,宠物梳子去浮毛针梳猫梳子一键自洁针梳宠物浮毛梳子狗狗脱毛刷,4.99,深圳市高纹化模具有限公司
129,2022-10-02 14:39:56,,https://detail.1688.com/offer/678589053451.html,飞盘运动户外极限健身专业成人竞技比赛级软专用回旋躲避纪念175g,5.00,深圳市资盛贸易有限公司
130,2022-10-02 14:39:56,,https://detail.1688.com/offer/684556534694.html,户外加粗帐篷地钉黑色钢钉露营天幕配件沙滩营钉天幕地钉30cm,1.81,深圳市资盛贸易有限公司
131,2022-10-02 14:39:56,,https://detail.1688.com/offer/680831005399.html,厂家直销 超轻塑料地钉帐篷钉帐篷天幕地钉 沙滩防风塑料地钉,0.05,义乌市拼途户外用品厂
132,2022-10-02 14:39:56,,https://detail.1688.com/offer/683977512194.html,乐福女秋季软底小皮鞋2022年新款复古女鞋松糕厚底休闲运动单鞋女,5.30,义乌市拼途户外用品厂
133,2022-10-02 14:39:56,,https://detail.1688.com/offer/683420765447.html,长虹空气炸锅适用2022新款智能多功能全自动电烤箱一体机,6.50,义乌公台贸易有限公司
134,2022-10-02 14:39:56,,https://detail.1688.com/offer/683545566594.html,创意女生可爱50K手账本 学生日记本彩页笔记本 手帐本子文具批发,0.22,义乌公台贸易有限公司
